node,gene,position,ingroup1_state,ingroup2_state,outgroup_state,other_state,ingroup1_missing,ingroup2_missing,outgroup_missing,other_missing
afroaves1_node,EOG090F03NR,960,L,V,V,,0.125,0,0.0285714285714286,0.136363636363636
afroaves2_node,EOG090F063B,412,Y,F,F,F,0,0,0.0285714285714286,0.0606060606060606
australaves1_node,EOG090F064S,580,Y,F,F,F,0,0,0.0666666666666667,0.121212121212121
aves_node,EOG090F03GR,635,Y,F,H,NA,0.0560747663551402,0,0,NA
columbimorphae_node,EOG090F09KK,242,L,I,L,L,0,0,0.0470588235294118,0.0769230769230769
galliformes_node,EOG090F072U,433,N,S,G,G,0.1,0,0,0.101010101010101
galloanseres_node,EOG090F078H,267,A,V,G,G,0,0,0.0666666666666667,0.222222222222222
neoaves1_node,EOG090F0978,383,Y,F,F,F,0.06,0.05,0.0588235294117647,0.222222222222222
neoaves3_node,EOG090F04VT,182,M,I,I,I,0,0.0235294117647059,0.0588235294117647,0
neoaves4_node,EOG090F0537,344,K,N,N,N,0,0.0344827586206897,0,0
neoaves5_node,EOG090F0AH0,72,P,H,N,N,0,0.0898876404494382,0.176470588235294,0.222222222222222
neoaves6_node,EOG090F024O,1095,M,I,M,I,0,0.0697674418604651,0,0
neoaves7_node,EOG090F05ZA,394,D,N,N,,0,0.160919540229885,1,1
neoaves9_node,EOG090F03OM,423,W,R,R,R,0,0.0340909090909091,0.0588235294117647,0
neognathae_node,EOG090F03B2,623,K,R,Q,Q,0.0333333333333333,0,0,0.25
non_erectile_node,EOG090F0BUO,194,D,V,D,D,0,0,0,0
palaeognathae_node,EOG090F0608,1387,I,M,C,C,0,0,0.130841121495327,0.25
phasianidae_node,EOG090F06RQ,549,S,L,Q,Q,0.111111111111111,0,0,0.0480769230769231
psittacopasserae_node,EOG090F02AF,1072,N,H,K,K,0.04,0,0,0.0853658536585366
sauropsida_node,EOG090F01S5,622,R,S,N,NA,0.00892857142857143,0,0,NA
sub_aequornithes1_node,EOG090F024F,645,N,S,N,N,0,0,0,0.0495049504950495
sub_aequornithes2_node,EOG090F049Z,833,K,N,N,N,0,0,0,0.0198019801980198
sub_phasianidae_node,EOG090F03YM,352,V,M,M,M,0,0,0,0.0283018867924528
sup_aequornithes_node,EOG090F09PM,187,V,G,G,G,0,0,0.0136986301369863,0
sup_gallus_node,EOG090F03F0,516,H,S,P,P,0,0,0,0.0892857142857143
sup_strigiformes_node,EOG090F08YA,192,R,K,R,R,0,0,0,0.0392156862745098
telluraves_node,EOG090F08MX,208,V,I,I,I,0,0,0.05,0.0384615384615385
vertebrata_node,EOG090F05TO,179,S,T,NA,NA,0,0,NA,NA
neoaves2_node,EOG090F01D3,858,P,S,S,,1,0.178082191780822,1,0.222222222222222
neoaves8_node,EOG090F01TL,1907,N,D,D,D,1,0.0941176470588235,0.0588235294117647,0.111111111111111
